ip_source,timestamp
192.168.1.20,2025-06-22T10:06:10.775Z
192.168.1.30,2025-06-22T10:06:10.775Z
192.168.1.30,2025-06-22T10:06:10.775Z
192.168.1.30,2025-06-22T10:06:10.775Z
192.168.1.30,2025-06-22T10:06:10.775Z
192.168.1.10,2025-06-22T10:06:10.775Z
192.168.1.30,2025-06-22T10:06:10.775Z
192.168.1.10,2025-06-22T10:06:10.775Z
192.168.1.20,2025-06-22T10:06:10.775Z
192.168.1.10,2025-06-22T10:06:10.775Z
192.168.1.30,2025-06-22T10:06:10.775Z
192.168.1.30,2025-06-22T10:06:10.775Z
192.168.1.30,2025-06-22T10:06:10.775Z
192.168.1.10,2025-06-22T10:06:10.775Z
192.168.1.30,2025-06-22T10:06:10.775Z
192.168.1.20,2025-06-22T10:06:10.775Z
192.168.1.30,2025-06-22T10:06:10.775Z
192.168.1.10,2025-06-22T10:06:10.775Z
192.168.1.10,2025-06-22T10:06:10.775Z
192.168.1.30,2025-06-22T10:06:10.775Z
192.168.1.20,2025-06-22T10:06:10.775Z
192.168.1.20,2025-06-22T10:06:10.775Z
192.168.1.30,2025-06-22T10:06:10.775Z
192.168.1.10,2025-06-22T10:06:10.775Z
192.168.1.30,2025-06-22T10:06:10.775Z
192.168.1.20,2025-06-22T10:06:10.775Z
192.168.1.20,2025-06-22T10:06:10.775Z
192.168.1.30,2025-06-22T10:06:10.775Z
192.168.1.10,2025-06-22T10:06:10.775Z
192.168.1.20,2025-06-22T10:06:10.775Z
192.168.1.30,2025-06-22T10:06:10.775Z
192.168.1.20,2025-06-22T10:06:10.775Z
192.168.1.30,2025-06-22T10:06:10.775Z
192.168.1.20,2025-06-22T10:06:10.775Z
192.168.1.30,2025-06-22T10:06:10.775Z
192.168.1.10,2025-06-22T10:06:10.775Z
192.168.1.30,2025-06-22T10:06:10.775Z
192.168.1.20,2025-06-22T10:06:10.775Z
192.168.1.10,2025-06-22T10:06:10.775Z
192.168.1.20,2025-06-22T10:06:10.775Z
192.168.1.30,2025-06-22T10:06:10.775Z
192.168.1.30,2025-06-22T10:06:10.775Z
192.168.1.10,2025-06-22T10:06:10.775Z
192.168.1.30,2025-06-22T10:06:10.775Z
192.168.1.20,2025-06-22T10:06:10.775Z
192.168.1.30,2025-06-22T10:06:10.775Z
192.168.1.10,2025-06-22T10:06:10.775Z
192.168.1.30,2025-06-22T10:06:10.775Z
192.168.1.30,2025-06-22T10:06:10.775Z
192.168.1.20,2025-06-22T10:06:10.775Z
192.168.1.100,2025-06-22T10:06:10.775Z
192.168.1.100,2025-06-22T10:06:10.775Z
192.168.1.101,2025-06-22T10:06:10.775Z
192.168.1.101,2025-06-22T10:06:10.775Z
192.168.1.101,2025-06-22T10:06:10.775Z
192.168.1.100,2025-06-22T10:06:10.775Z
192.168.1.101,2025-06-22T10:06:10.775Z
192.168.1.101,2025-06-22T10:06:10.775Z
192.168.1.100,2025-06-22T10:06:10.775Z
192.168.1.100,2025-06-22T10:06:10.775Z
192.168.1.100,2025-06-22T10:06:10.775Z
192.168.1.100,2025-06-22T10:06:10.775Z
192.168.1.101,2025-06-22T10:06:10.775Z
192.168.1.101,2025-06-22T10:06:10.775Z
192.168.1.101,2025-06-22T10:06:10.775Z
192.168.1.101,2025-06-22T10:06:10.775Z
192.168.1.100,2025-06-22T10:06:10.775Z
192.168.1.101,2025-06-22T10:06:10.775Z
192.168.1.100,2025-06-22T10:06:10.775Z
192.168.1.101,2025-06-22T10:06:10.775Z
192.168.1.100,2025-06-22T10:06:10.775Z
192.168.1.101,2025-06-22T10:06:10.775Z
192.168.1.101,2025-06-22T10:06:10.775Z
192.168.1.101,2025-06-22T10:06:10.776Z
192.168.1.100,2025-06-22T10:06:10.776Z
192.168.1.101,2025-06-22T10:06:10.776Z
192.168.1.101,2025-06-22T10:06:10.776Z
192.168.1.101,2025-06-22T10:06:10.776Z
192.168.1.101,2025-06-22T10:06:10.776Z
192.168.1.100,2025-06-22T10:06:10.776Z
192.168.1.101,2025-06-22T10:06:10.776Z
192.168.1.101,2025-06-22T10:06:10.776Z
192.168.1.100,2025-06-22T10:06:10.776Z
192.168.1.100,2025-06-22T10:06:10.776Z
192.168.1.100,2025-06-22T10:06:10.776Z
192.168.1.101,2025-06-22T10:06:10.776Z
192.168.1.100,2025-06-22T10:06:10.776Z
192.168.1.100,2025-06-22T10:06:10.776Z
192.168.1.101,2025-06-22T10:06:10.776Z
192.168.1.101,2025-06-22T10:06:10.776Z
192.168.1.100,2025-06-22T10:06:10.776Z
192.168.1.100,2025-06-22T10:06:10.776Z
192.168.1.101,2025-06-22T10:06:10.776Z
192.168.1.100,2025-06-22T10:06:10.776Z
192.168.1.101,2025-06-22T10:06:10.776Z
192.168.1.100,2025-06-22T10:06:10.776Z
192.168.1.100,2025-06-22T10:06:10.776Z
192.168.1.100,2025-06-22T10:06:10.776Z
192.168.1.100,2025-06-22T10:06:10.776Z
192.168.1.101,2025-06-22T10:06:10.776Z
192.168.1.101,2025-06-22T10:06:10.776Z
192.168.1.100,2025-06-22T10:06:10.776Z
192.168.1.100,2025-06-22T10:06:10.776Z
192.168.1.101,2025-06-22T10:06:10.776Z
192.168.1.100,2025-06-22T10:06:10.776Z
192.168.1.100,2025-06-22T10:06:10.776Z
192.168.1.101,2025-06-22T10:06:10.776Z
192.168.1.101,2025-06-22T10:06:10.776Z
192.168.1.100,2025-06-22T10:06:10.776Z
192.168.1.101,2025-06-22T10:06:10.776Z
192.168.1.100,2025-06-22T10:06:10.776Z
192.168.1.101,2025-06-22T10:06:10.776Z
192.168.1.100,2025-06-22T10:06:10.776Z
192.168.1.100,2025-06-22T10:06:10.776Z
192.168.1.101,2025-06-22T10:06:10.776Z
192.168.1.100,2025-06-22T10:06:10.776Z
192.168.1.101,2025-06-22T10:06:10.776Z
192.168.1.101,2025-06-22T10:06:10.776Z
192.168.1.100,2025-06-22T10:06:10.776Z
192.168.1.101,2025-06-22T10:06:10.776Z
192.168.1.101,2025-06-22T10:06:10.776Z
192.168.1.101,2025-06-22T10:06:10.776Z
192.168.1.101,2025-06-22T10:06:10.776Z
192.168.1.101,2025-06-22T10:06:10.776Z
192.168.1.100,2025-06-22T10:06:10.776Z
192.168.1.101,2025-06-22T10:06:10.776Z
192.168.1.100,2025-06-22T10:06:10.776Z
192.168.1.100,2025-06-22T10:06:10.776Z
192.168.1.100,2025-06-22T10:06:10.776Z
192.168.1.100,2025-06-22T10:06:10.776Z
192.168.1.101,2025-06-22T10:06:10.776Z
192.168.1.101,2025-06-22T10:06:10.776Z
192.168.1.100,2025-06-22T10:06:10.776Z
192.168.1.101,2025-06-22T10:06:10.776Z
192.168.1.100,2025-06-22T10:06:10.776Z
192.168.1.101,2025-06-22T10:06:10.776Z
192.168.1.100,2025-06-22T10:06:10.776Z
192.168.1.100,2025-06-22T10:06:10.776Z
192.168.1.101,2025-06-22T10:06:10.776Z
192.168.1.101,2025-06-22T10:06:10.776Z
192.168.1.101,2025-06-22T10:06:10.776Z
192.168.1.100,2025-06-22T10:06:10.776Z
192.168.1.101,2025-06-22T10:06:10.776Z
192.168.1.101,2025-06-22T10:06:10.776Z
192.168.1.101,2025-06-22T10:06:10.776Z
192.168.1.100,2025-06-22T10:06:10.776Z
192.168.1.100,2025-06-22T10:06:10.776Z
192.168.1.100,2025-06-22T10:06:10.776Z
192.168.1.100,2025-06-22T10:06:10.776Z
192.168.1.100,2025-06-22T10:06:10.776Z
192.168.1.100,2025-06-22T10:06:10.776Z
192.168.1.101,2025-06-22T10:06:10.776Z
192.168.1.100,2025-06-22T10:06:10.776Z
192.168.1.100,2025-06-22T10:06:10.776Z
192.168.1.101,2025-06-22T10:06:10.776Z
192.168.1.101,2025-06-22T10:06:10.776Z
192.168.1.100,2025-06-22T10:06:10.776Z
192.168.1.101,2025-06-22T10:06:10.776Z
192.168.1.101,2025-06-22T10:06:10.776Z
192.168.1.101,2025-06-22T10:06:10.776Z
192.168.1.101,2025-06-22T10:06:10.776Z
192.168.1.101,2025-06-22T10:06:10.776Z
192.168.1.100,2025-06-22T10:06:10.776Z
192.168.1.100,2025-06-22T10:06:10.776Z
192.168.1.100,2025-06-22T10:06:10.776Z
192.168.1.101,2025-06-22T10:06:10.776Z
192.168.1.101,2025-06-22T10:06:10.776Z
192.168.1.101,2025-06-22T10:06:10.776Z
192.168.1.100,2025-06-22T10:06:10.776Z
192.168.1.100,2025-06-22T10:06:10.776Z
192.168.1.101,2025-06-22T10:06:10.776Z
192.168.1.100,2025-06-22T10:06:10.776Z
192.168.1.100,2025-06-22T10:06:10.776Z
192.168.1.100,2025-06-22T10:06:10.776Z
192.168.1.100,2025-06-22T10:06:10.776Z
192.168.1.101,2025-06-22T10:06:10.776Z
192.168.1.101,2025-06-22T10:06:10.776Z
192.168.1.101,2025-06-22T10:06:10.776Z
192.168.1.101,2025-06-22T10:06:10.776Z
192.168.1.100,2025-06-22T10:06:10.776Z
192.168.1.101,2025-06-22T10:06:10.776Z
192.168.1.101,2025-06-22T10:06:10.776Z
192.168.1.101,2025-06-22T10:06:10.776Z
192.168.1.100,2025-06-22T10:06:10.776Z
192.168.1.101,2025-06-22T10:06:10.776Z
192.168.1.101,2025-06-22T10:06:10.776Z
192.168.1.101,2025-06-22T10:06:10.776Z
192.168.1.101,2025-06-22T10:06:10.776Z
192.168.1.101,2025-06-22T10:06:10.776Z
192.168.1.100,2025-06-22T10:06:10.776Z
192.168.1.100,2025-06-22T10:06:10.776Z
192.168.1.101,2025-06-22T10:06:10.776Z
192.168.1.100,2025-06-22T10:06:10.776Z
192.168.1.100,2025-06-22T10:06:10.776Z
192.168.1.100,2025-06-22T10:06:10.776Z
192.168.1.100,2025-06-22T10:06:10.776Z
192.168.1.101,2025-06-22T10:06:10.776Z
192.168.1.101,2025-06-22T10:06:10.776Z
192.168.1.100,2025-06-22T10:06:10.776Z
192.168.1.100,2025-06-22T10:06:10.776Z